Mask ID,Cell ID,Z-plane,Z-span,Principal Plane,egfp,dtom,slc17a6,slc32a1,slc5a7,phox2b,ralyl,tenm2,ebf3,pcp4,tshz2,alcam,celf2,meis2,rph3a,robo1,syt1,zfhx3,Area
7,MC_SC_17_s01R_1,1,9,5,False,False,False,True,False,0,20,33,0,3,0,0,2,2,10,3,0,5,5437.0
11,MC_SC_17_s01R_2,1,6,4,False,False,False,True,False,0,3,7,0,14,2,5,0,0,11,4,1,0,2495.0
14,MC_SC_17_s01R_3,1,6,3,False,False,False,True,False,0,61,28,14,201,2,1,0,1,23,7,3,0,3552.0
23,MC_SC_17_s01R_4,1,7,4,False,False,False,True,False,0,99,32,0,24,0,17,17,12,267,17,1,13,6448.0
24,MC_SC_17_s01R_5,1,9,6,False,False,True,False,False,0,15,5,7,12,3,16,4,7,20,5,13,1,1398.0
26,MC_SC_17_s01R_6,1,5,3,False,False,False,True,False,0,34,27,4,58,2,6,1,2,66,16,0,0,3172.0
44,MC_SC_17_s01R_7,1,8,5,False,False,False,True,False,5,27,18,10,53,0,18,3,3,134,10,4,7,3358.0
53,MC_SC_17_s01R_8,1,8,5,False,False,True,False,False,41,23,19,4,15,0,0,1,0,7,7,2,11,1545.0
66,MC_SC_17_s01R_9,1,9,6,False,False,True,False,False,33,22,22,0,38,0,1,4,0,7,4,0,2,1734.0
96,MC_SC_17_s01R_10,1,5,4,False,False,True,False,False,55,5,11,0,29,1,2,1,0,16,8,1,2,2588.0
106,MC_SC_17_s01R_11,1,8,5,False,False,False,True,False,0,8,9,0,12,0,0,1,0,43,0,3,0,1572.0
126,MC_SC_17_s01R_12,1,8,5,False,False,False,True,False,0,30,24,1,6,0,0,0,0,33,3,0,1,1435.0
136,MC_SC_17_s01R_13,1,6,4,False,False,False,True,False,0,37,36,0,6,0,2,4,3,3,7,5,7,1374.0
152,MC_SC_17_s01R_14,1,7,5,False,False,True,False,False,2,37,41,43,111,1,0,18,3,69,13,2,8,3174.0
156,MC_SC_17_s01R_15,1,9,7,False,False,False,True,False,3,9,7,0,5,0,6,3,2,12,3,1,3,1754.0
174,MC_SC_17_s01R_16,2,6,4,False,False,False,True,False,4,15,6,6,5,0,2,0,3,10,2,9,5,2208.0
178,MC_SC_17_s01R_17,2,5,4,False,False,False,True,False,0,35,3,0,2,0,2,0,1,17,4,8,0,1494.0
179,MC_SC_17_s01R_18,2,8,3,False,False,True,False,False,36,20,21,12,37,6,9,3,0,13,7,2,6,1909.0
181,MC_SC_17_s01R_19,2,10,6,False,False,False,True,False,1,45,7,0,12,1,2,4,1,28,8,2,0,2514.0
183,MC_SC_17_s01R_20,2,8,5,False,False,False,True,False,2,32,13,4,44,0,0,5,0,68,4,0,0,2529.0
189,MC_SC_17_s01R_21,2,6,4,False,False,True,False,False,26,7,10,0,5,0,3,1,1,0,1,3,3,996.0
191,MC_SC_17_s01R_22,2,12,6,False,False,True,False,False,0,43,39,1,41,1,0,4,2,19,9,0,2,4591.0
206,MC_SC_17_s01R_23,2,6,5,False,False,True,False,False,0,12,12,4,10,2,3,3,1,7,2,3,1,1154.0
211,MC_SC_17_s01R_24,3,8,3,False,False,False,True,False,2,48,20,13,34,1,0,6,1,43,7,2,0,4804.0
213,MC_SC_17_s01R_25,3,7,3,False,False,False,True,False,0,18,5,8,46,1,5,2,1,15,3,3,0,3106.0
214,MC_SC_17_s01R_26,3,5,3,False,False,True,False,False,102,15,9,0,17,1,0,1,1,50,5,3,4,3573.0
218,MC_SC_17_s01R_27,3,5,4,False,False,False,True,False,1,17,5,3,51,0,5,2,2,14,7,1,3,2893.0
219,MC_SC_17_s01R_28,3,5,4,False,False,False,True,False,3,50,16,5,60,0,2,5,2,56,10,3,1,3470.0
220,MC_SC_17_s01R_29,3,8,6,False,False,False,True,False,0,46,17,0,0,0,3,1,0,4,4,0,0,2258.0
222,MC_SC_17_s01R_30,3,5,3,False,False,False,True,False,0,26,6,0,3,0,0,0,0,20,5,6,0,1704.0
225,MC_SC_17_s01R_31,3,6,4,False,False,False,True,False,0,25,5,4,40,1,0,8,3,82,4,3,0,1903.0
230,MC_SC_17_s01R_32,3,7,5,False,False,False,True,False,1,17,10,0,50,1,5,0,0,70,6,1,1,2165.0
235,MC_SC_17_s01R_33,3,9,5,False,False,True,False,False,78,42,20,0,1,1,1,5,1,2,2,3,4,2301.0
238,MC_SC_17_s01R_34,3,6,5,False,False,False,True,False,0,44,1,0,0,1,0,1,3,4,3,3,0,2327.0
240,MC_SC_17_s01R_35,3,6,3,False,False,False,True,False,1,23,9,0,0,0,3,1,1,14,3,2,7,1982.0
243,MC_SC_17_s01R_36,3,10,6,False,False,False,True,False,0,19,52,0,131,4,0,6,3,98,20,3,0,2580.0
245,MC_SC_17_s01R_37,3,6,3,False,False,False,True,False,0,15,2,0,27,0,0,10,0,5,10,3,1,1379.0
250,MC_SC_17_s01R_38,3,8,6,False,False,True,False,False,0,17,10,0,3,0,0,0,0,5,3,3,0,1168.0
262,MC_SC_17_s01R_39,4,7,4,False,True,False,True,False,1,15,29,0,7,0,0,1,1,4,4,2,3,2981.0
263,MC_SC_17_s01R_40,4,6,4,False,False,False,True,False,2,63,17,3,51,1,0,1,1,80,9,2,6,2700.0
264,MC_SC_17_s01R_41,4,6,4,False,False,True,False,False,46,39,11,5,6,4,0,6,0,12,5,2,2,1590.0
265,MC_SC_17_s01R_42,4,5,4,False,False,True,False,False,56,42,3,0,1,0,0,8,0,14,2,2,4,1650.0
266,MC_SC_17_s01R_43,4,5,4,False,False,True,False,False,36,26,11,0,41,0,1,0,0,11,0,0,4,1702.0
274,MC_SC_17_s01R_44,4,7,4,False,False,True,False,False,0,18,8,1,0,0,1,3,2,9,5,0,5,1946.0
278,MC_SC_17_s01R_45,4,7,4,False,False,False,True,False,0,32,19,0,1,4,0,0,0,12,2,1,6,1937.0
281,MC_SC_17_s01R_46,4,9,4,False,False,True,False,False,0,24,19,1,4,1,6,8,4,2,0,6,9,1420.0
288,MC_SC_17_s01R_47,4,6,4,False,False,False,True,False,1,34,25,0,1,5,0,1,0,1,1,2,4,1543.0
289,MC_SC_17_s01R_48,4,9,5,False,False,False,True,False,0,47,8,1,11,2,1,3,1,5,10,4,7,2192.0
291,MC_SC_17_s01R_49,4,7,4,False,False,False,True,False,1,28,21,0,1,0,7,5,7,7,3,5,7,1630.0
292,MC_SC_17_s01R_50,4,7,4,False,False,False,True,False,1,52,11,0,6,0,2,3,5,29,5,6,8,2338.0
294,MC_SC_17_s01R_51,5,7,4,False,False,True,False,False,65,9,14,0,24,0,4,3,3,8,10,3,0,2871.0
296,MC_SC_17_s01R_52,5,3,2,False,False,True,False,False,75,49,18,6,27,0,9,7,3,48,8,2,2,2338.0
297,MC_SC_17_s01R_53,5,7,4,False,False,False,True,False,0,20,22,14,88,0,12,4,4,144,15,3,5,3511.0
298,MC_SC_17_s01R_54,5,7,5,False,False,False,True,False,1,21,14,0,0,0,3,0,2,0,1,0,0,1428.0
306,MC_SC_17_s01R_55,5,6,5,False,False,False,True,False,0,14,8,0,3,1,2,0,0,1,3,1,1,1324.0
308,MC_SC_17_s01R_56,5,5,4,False,False,False,True,False,0,12,20,0,1,0,6,2,2,6,3,0,3,1560.0
309,MC_SC_17_s01R_57,5,5,3,False,False,True,False,False,43,11,15,0,27,0,6,0,2,28,7,1,4,1932.0
312,MC_SC_17_s01R_58,5,5,3,False,False,False,True,False,2,14,6,0,5,4,1,0,1,16,3,4,1,2349.0
315,MC_SC_17_s01R_59,5,7,4,False,False,False,True,False,0,15,19,0,3,0,1,0,1,0,7,3,5,2529.0
320,MC_SC_17_s01R_60,5,5,3,False,False,False,True,False,0,14,13,0,7,2,9,0,0,2,0,0,6,1370.0
322,MC_SC_17_s01R_61,5,5,2,False,False,False,True,False,0,37,37,0,132,2,4,9,4,37,5,4,0,2242.0
324,MC_SC_17_s01R_62,5,7,4,False,False,False,True,False,1,45,46,0,9,1,3,4,6,5,4,2,3,2005.0
326,MC_SC_17_s01R_63,5,9,5,False,False,False,True,False,4,21,12,0,6,2,5,4,1,3,4,4,4,1742.0
327,MC_SC_17_s01R_64,5,7,3,False,False,True,False,False,0,17,10,3,2,0,0,0,2,1,1,0,1,1480.0
328,MC_SC_17_s01R_65,5,5,3,False,False,False,True,False,0,10,23,10,21,1,0,6,0,6,2,3,0,1084.0
331,MC_SC_17_s01R_66,6,4,3,False,False,False,True,False,0,2,12,0,0,1,0,0,1,0,0,1,0,1106.0
333,MC_SC_17_s01R_67,6,3,2,False,False,False,True,False,1,34,28,7,54,0,0,0,2,13,5,1,2,3011.0
334,MC_SC_17_s01R_68,6,7,5,False,False,True,False,False,22,20,15,12,70,2,2,0,1,0,11,0,1,2338.0
335,MC_SC_17_s01R_69,6,4,3,False,False,True,False,False,57,27,22,0,28,2,8,1,4,5,3,0,5,1117.0
336,MC_SC_17_s01R_70,6,4,2,False,False,True,False,False,24,6,6,0,19,0,4,4,0,1,3,0,1,855.0
337,MC_SC_17_s01R_71,6,3,2,False,False,True,False,False,36,19,6,0,17,1,10,1,2,17,8,2,11,1300.0
338,MC_SC_17_s01R_72,6,6,4,False,False,False,True,False,0,20,9,3,27,0,8,1,1,15,6,1,2,2042.0
340,MC_SC_17_s01R_73,6,4,2,False,False,False,True,False,0,6,0,1,6,0,7,1,0,0,1,0,3,752.0
341,MC_SC_17_s01R_74,6,6,3,False,False,False,True,False,1,16,8,10,3,0,4,3,1,33,7,4,7,1592.0
343,MC_SC_17_s01R_75,6,4,2,False,False,False,True,False,2,13,4,0,1,0,2,1,0,1,5,0,0,1688.0
344,MC_SC_17_s01R_76,6,5,3,False,False,False,True,False,0,8,2,13,5,1,2,2,0,0,1,0,1,1254.0
345,MC_SC_17_s01R_77,6,7,5,False,False,False,True,False,0,13,23,0,35,1,0,0,1,13,3,3,1,4314.0
347,MC_SC_17_s01R_78,6,6,5,False,False,True,False,False,0,19,4,0,14,0,1,0,3,0,2,0,0,1586.0
348,MC_SC_17_s01R_79,6,8,5,False,False,False,True,False,1,31,12,7,37,0,0,1,1,5,5,2,1,2319.0
349,MC_SC_17_s01R_80,6,4,2,False,False,False,True,False,0,12,8,0,3,3,0,0,0,0,2,1,4,965.0
350,MC_SC_17_s01R_81,6,5,2,False,False,True,False,False,26,18,4,0,12,1,4,0,1,1,4,0,4,1283.0
351,MC_SC_17_s01R_82,6,5,3,False,False,True,False,False,0,30,0,4,35,3,1,0,2,1,4,3,1,1454.0
357,MC_SC_17_s01R_83,6,7,6,False,False,False,True,False,0,9,11,0,41,0,1,2,2,23,4,2,0,2466.0
360,MC_SC_17_s01R_84,6,6,3,False,False,True,False,False,1,35,33,0,17,0,4,0,3,6,6,1,0,1666.0
361,MC_SC_17_s01R_85,6,7,5,False,False,True,False,False,0,16,11,0,5,2,0,0,1,5,2,0,5,1833.0
363,MC_SC_17_s01R_86,6,3,2,False,False,False,True,False,0,4,12,1,7,0,2,1,1,0,1,0,7,516.0
364,MC_SC_17_s01R_87,6,4,3,False,False,False,True,False,0,28,8,0,18,3,2,0,2,1,0,1,0,669.0
366,MC_SC_17_s01R_88,6,5,3,False,False,True,False,False,0,46,43,18,36,15,3,1,0,12,6,3,0,2071.0
369,MC_SC_17_s01R_89,7,5,3,False,False,False,True,False,0,20,5,0,1,1,2,2,0,2,3,2,0,1392.0
371,MC_SC_17_s01R_90,7,7,4,False,False,False,True,False,0,2,16,0,0,2,0,0,4,0,3,2,4,2054.0
372,MC_SC_17_s01R_91,7,7,5,False,False,True,False,False,55,3,13,3,0,0,0,0,0,1,8,0,1,2313.0
373,MC_SC_17_s01R_92,7,9,3,False,False,False,True,False,0,14,19,2,39,0,0,2,3,33,7,3,0,2078.0
375,MC_SC_17_s01R_93,7,6,3,False,False,False,True,False,1,19,26,0,57,3,2,1,0,7,6,8,0,7340.0
376,MC_SC_17_s01R_94,7,7,5,False,False,True,False,False,75,42,14,9,70,0,12,5,5,43,7,0,0,2221.0
378,MC_SC_17_s01R_95,7,5,3,False,False,True,False,False,0,32,9,0,3,1,1,0,3,6,7,0,9,1487.0
380,MC_SC_17_s01R_96,7,6,4,False,False,True,False,False,0,10,4,0,2,0,0,2,2,0,1,0,2,990.0
382,MC_SC_17_s01R_97,7,4,2,False,False,True,False,False,67,19,13,0,45,2,5,0,1,3,5,1,3,3078.0
384,MC_SC_17_s01R_98,7,5,3,False,True,False,True,False,0,11,5,0,1,4,1,1,3,0,3,0,1,720.0
385,MC_SC_17_s01R_99,7,5,3,False,False,True,False,False,49,13,16,0,56,0,9,1,0,35,6,4,2,3506.0
386,MC_SC_17_s01R_100,7,7,4,False,False,True,False,False,0,45,9,0,33,0,6,4,3,4,6,1,4,2343.0
389,MC_SC_17_s01R_101,7,3,2,False,False,False,True,False,0,14,0,0,1,2,1,3,3,11,0,1,0,938.0
390,MC_SC_17_s01R_102,7,9,7,False,False,True,False,False,48,41,28,0,85,4,0,4,2,57,11,0,4,3186.0
392,MC_SC_17_s01R_103,7,7,4,False,False,True,False,False,0,15,4,1,9,0,1,0,2,7,0,0,0,1979.0
393,MC_SC_17_s01R_104,7,5,3,False,False,False,True,False,0,20,4,0,0,0,4,0,1,2,3,0,3,1332.0
396,MC_SC_17_s01R_105,7,9,5,False,False,False,True,False,8,9,11,0,14,0,1,0,1,2,4,3,0,2098.0
399,MC_SC_17_s01R_106,7,6,3,False,False,True,False,False,0,29,21,16,27,8,2,3,2,0,4,3,3,1135.0
400,MC_SC_17_s01R_107,7,2,1,False,False,False,True,False,0,9,42,7,17,1,5,1,0,2,2,8,11,1044.0
401,MC_SC_17_s01R_108,7,1,1,False,False,False,True,False,1,6,29,5,9,0,1,1,0,0,1,0,1,761.0
407,MC_SC_17_s01R_109,8,5,4,False,False,False,True,False,0,32,9,6,107,0,2,4,1,37,10,2,3,3462.0
408,MC_SC_17_s01R_110,8,7,5,False,False,False,True,False,1,56,16,0,32,2,4,2,4,102,8,4,2,3630.0
409,MC_SC_17_s01R_111,8,5,2,False,False,False,True,False,0,35,6,17,78,6,14,3,3,14,4,4,1,1732.0
411,MC_SC_17_s01R_112,8,4,2,False,False,False,True,False,0,5,18,0,14,0,6,3,0,4,1,0,2,870.0
413,MC_SC_17_s01R_113,8,7,4,False,False,False,True,False,1,55,27,9,44,0,0,2,1,0,6,3,0,2907.0
417,MC_SC_17_s01R_114,8,3,2,False,False,False,True,False,0,7,6,0,0,0,2,0,5,0,2,4,1,1097.0
418,MC_SC_17_s01R_115,8,8,3,False,False,False,True,False,2,48,27,13,91,5,0,1,4,8,4,8,1,3955.0
420,MC_SC_17_s01R_116,8,4,3,False,False,False,True,False,0,12,0,0,3,0,0,1,0,0,5,0,0,681.0
421,MC_SC_17_s01R_117,8,7,5,False,False,True,False,False,71,21,12,3,67,0,13,2,1,13,6,3,4,1320.0
427,MC_SC_17_s01R_118,8,4,3,False,False,False,True,False,2,19,8,0,0,0,5,1,1,2,1,0,0,1396.0
428,MC_SC_17_s01R_119,8,8,6,False,False,False,True,False,0,49,32,0,122,0,0,2,2,110,3,1,0,3592.0
431,MC_SC_17_s01R_120,8,5,3,False,False,True,False,False,0,9,7,0,7,1,2,1,4,6,0,0,4,1128.0
432,MC_SC_17_s01R_121,8,4,2,False,False,False,True,False,1,3,14,0,0,0,3,0,2,2,1,0,0,1176.0
433,MC_SC_17_s01R_122,8,5,3,False,False,True,False,False,0,28,13,0,4,0,0,1,5,3,1,2,3,1646.0
434,MC_SC_17_s01R_123,8,4,2,False,False,True,False,False,0,16,11,1,12,0,0,3,5,1,4,0,5,1693.0
436,MC_SC_17_s01R_124,8,5,3,False,False,False,True,False,0,13,17,13,21,2,0,2,0,3,5,1,1,1291.0
437,MC_SC_17_s01R_125,8,5,3,False,False,False,True,False,0,18,24,9,12,0,3,2,0,8,3,4,1,1430.0
440,MC_SC_17_s01R_126,9,6,4,False,True,False,True,False,0,60,6,0,25,0,2,0,1,23,11,5,0,3751.0
441,MC_SC_17_s01R_127,9,9,6,False,False,False,True,False,0,74,29,0,11,0,0,0,1,70,3,0,6,4264.0
443,MC_SC_17_s01R_128,9,9,5,False,False,False,True,False,0,27,21,0,55,2,3,0,0,12,4,1,0,3602.0
444,MC_SC_17_s01R_129,9,5,3,False,False,True,False,False,69,36,1,2,84,1,3,2,1,2,6,2,12,2158.0
445,MC_SC_17_s01R_130,9,4,3,False,False,False,True,False,0,16,7,0,2,0,1,0,1,1,0,0,1,1593.0
446,MC_SC_17_s01R_131,9,10,8,False,False,False,True,False,1,41,11,5,135,0,0,5,0,9,10,1,1,3504.0
448,MC_SC_17_s01R_132,9,6,4,False,False,True,False,False,40,3,8,0,14,0,7,1,1,17,4,1,4,1192.0
449,MC_SC_17_s01R_133,9,5,4,False,False,False,True,False,1,9,3,0,0,0,2,1,2,0,3,0,5,1513.0
451,MC_SC_17_s01R_134,9,10,7,False,False,True,False,False,0,35,10,2,10,0,0,1,3,2,5,0,4,2702.0
452,MC_SC_17_s01R_135,9,4,3,False,False,False,True,False,0,25,17,0,2,1,5,0,2,0,4,0,1,1836.0
453,MC_SC_17_s01R_136,9,4,2,False,False,True,False,False,22,18,19,0,4,5,3,2,1,0,2,0,1,1161.0
457,MC_SC_17_s01R_137,9,5,3,False,False,False,True,False,0,4,13,0,8,0,0,0,6,0,3,2,0,1056.0
458,MC_SC_17_s01R_138,9,5,3,False,False,False,True,False,0,23,5,0,1,0,0,1,4,0,3,2,0,1407.0
460,MC_SC_17_s01R_139,9,6,4,False,False,False,True,False,0,14,8,0,1,0,2,0,2,1,1,2,2,1252.0
461,MC_SC_17_s01R_140,9,7,4,False,False,True,False,False,0,13,8,0,14,0,0,1,3,19,6,0,3,1641.0
462,MC_SC_17_s01R_141,9,4,2,False,True,False,True,False,8,32,19,0,3,0,10,3,6,6,6,8,8,2560.0
465,MC_SC_17_s01R_142,9,4,2,False,False,True,False,False,0,20,17,0,2,0,1,1,3,0,0,3,0,973.0
466,MC_SC_17_s01R_143,9,8,5,False,False,False,True,False,8,89,28,0,17,0,12,3,5,96,7,3,6,4753.0
467,MC_SC_17_s01R_144,9,7,4,False,False,True,False,False,1,11,3,0,12,0,1,0,3,1,5,1,0,1634.0
468,MC_SC_17_s01R_145,9,8,4,False,False,False,True,False,0,27,14,0,78,2,0,0,0,0,2,2,0,1369.0
469,MC_SC_17_s01R_146,9,3,2,False,False,False,True,False,1,25,8,0,7,0,1,2,0,0,0,1,2,1208.0
470,MC_SC_17_s01R_147,9,7,5,False,False,True,False,False,0,8,22,3,1,4,6,6,2,0,3,2,2,1024.0
473,MC_SC_17_s01R_148,10,1,1,False,False,False,True,False,0,4,2,7,3,2,0,0,1,0,2,0,0,847.0
475,MC_SC_17_s01R_149,10,6,4,False,False,False,True,False,0,9,20,0,8,0,0,0,0,0,5,0,3,1602.0
476,MC_SC_17_s01R_150,10,8,5,False,False,False,True,False,3,102,7,0,68,0,11,3,1,48,7,0,1,4649.0
478,MC_SC_17_s01R_151,10,6,5,False,False,False,True,False,1,13,6,0,30,3,6,1,1,48,3,4,0,1876.0
479,MC_SC_17_s01R_152,10,2,1,False,False,False,True,False,0,16,10,0,8,0,0,0,0,0,2,0,1,2135.0
480,MC_SC_17_s01R_153,10,3,2,False,False,True,False,False,40,9,7,0,18,0,6,5,4,1,1,0,1,1114.0
481,MC_SC_17_s01R_154,10,5,3,False,False,False,True,False,1,16,8,0,3,1,2,0,1,2,7,0,0,1580.0
485,MC_SC_17_s01R_155,10,6,4,False,False,True,False,False,0,39,7,3,27,0,2,0,1,8,4,1,1,2978.0
487,MC_SC_17_s01R_156,10,7,5,False,False,True,False,False,79,22,5,0,33,1,1,1,1,12,3,0,3,2121.0
489,MC_SC_17_s01R_157,10,6,4,False,False,False,True,False,1,16,23,0,0,0,0,0,1,0,1,0,0,1600.0
491,MC_SC_17_s01R_158,10,5,3,False,False,True,False,False,0,20,5,4,13,0,2,2,3,0,6,2,0,1377.0
495,MC_SC_17_s01R_159,10,4,2,False,False,True,False,False,0,9,2,3,14,4,6,1,0,0,1,4,0,1310.0
496,MC_SC_17_s01R_160,10,5,3,False,False,False,True,False,0,10,2,0,3,3,0,2,2,7,5,4,3,2323.0
500,MC_SC_17_s01R_161,10,6,4,False,False,True,False,False,69,38,24,0,45,0,2,2,0,38,6,1,4,2074.0
503,MC_SC_17_s01R_162,10,5,2,False,False,False,True,False,0,23,32,0,1,1,5,2,5,1,3,7,3,2703.0
504,MC_SC_17_s01R_163,10,5,3,False,False,False,True,False,1,11,7,0,7,0,2,2,0,0,2,0,0,922.0
507,MC_SC_17_s01R_164,10,5,3,False,False,False,True,False,2,16,14,0,3,4,3,1,2,3,1,2,4,1076.0
508,MC_SC_17_s01R_165,10,3,2,False,False,False,True,False,0,23,2,0,2,0,1,4,6,4,0,0,0,1082.0
511,MC_SC_17_s01R_166,10,4,3,False,False,True,False,False,1,41,36,0,2,0,2,0,1,0,0,3,0,1561.0
514,MC_SC_17_s01R_167,10,5,3,False,False,False,True,False,0,29,24,0,10,1,2,0,1,9,3,4,8,2012.0
517,MC_SC_17_s01R_168,11,9,5,False,False,False,True,False,0,21,6,7,80,0,1,2,1,6,6,3,0,2704.0
518,MC_SC_17_s01R_169,11,5,3,False,False,False,True,False,0,22,2,0,1,1,0,2,1,6,3,0,0,1593.0
519,MC_SC_17_s01R_170,11,5,4,False,False,False,True,False,0,5,14,0,2,0,2,1,1,0,0,1,2,1594.0
528,MC_SC_17_s01R_171,11,6,4,False,True,False,True,False,1,74,36,0,5,3,0,1,0,11,2,0,2,3527.0
531,MC_SC_17_s01R_172,11,5,3,False,False,True,True,False,0,18,0,0,2,0,0,0,0,1,2,0,2,1490.0
534,MC_SC_17_s01R_173,11,6,4,False,False,True,False,False,0,18,3,8,16,0,4,0,0,0,2,0,0,1243.0
535,MC_SC_17_s01R_174,11,4,3,False,False,True,False,False,0,30,21,0,3,0,6,0,3,0,2,0,6,1250.0
536,MC_SC_17_s01R_175,11,5,3,False,False,True,False,False,52,19,9,4,7,0,10,3,5,1,6,0,1,1650.0
537,MC_SC_17_s01R_176,11,6,5,False,False,True,True,False,77,19,15,0,99,2,4,5,2,31,13,1,7,2656.0
538,MC_SC_17_s01R_177,11,4,2,False,False,False,True,False,2,3,9,16,23,0,1,1,3,8,2,3,9,1658.0
539,MC_SC_17_s01R_178,11,2,2,False,False,True,False,False,0,4,4,10,0,0,6,0,2,5,0,1,6,1097.0
540,MC_SC_17_s01R_179,11,7,3,False,False,True,False,False,0,44,5,7,19,0,10,0,6,10,4,2,0,2629.0
541,MC_SC_17_s01R_180,11,5,3,False,False,False,True,False,0,7,16,0,6,1,0,0,1,2,4,0,0,1578.0
542,MC_SC_17_s01R_181,11,5,3,False,False,True,False,False,98,55,43,12,59,1,4,4,0,34,14,4,1,3236.0
548,MC_SC_17_s01R_182,11,7,5,False,False,False,False,True,0,17,32,0,0,0,0,1,0,3,3,0,0,4550.0
549,MC_SC_17_s01R_183,11,3,3,False,False,False,True,False,0,3,1,0,2,0,2,0,0,2,3,0,0,1091.0
552,MC_SC_17_s01R_184,11,7,5,False,False,False,True,False,0,17,38,0,3,0,2,2,1,0,1,0,0,1381.0
554,MC_SC_17_s01R_185,11,6,4,False,False,True,False,False,1,9,10,0,1,0,1,2,2,1,3,0,5,1250.0
555,MC_SC_17_s01R_186,11,6,3,False,False,True,False,False,0,9,4,3,2,0,3,0,3,0,0,0,1,1633.0
556,MC_SC_17_s01R_187,11,7,4,False,False,False,True,False,0,67,90,0,265,7,32,4,5,29,11,5,0,4116.0
557,MC_SC_17_s01R_188,11,5,3,False,False,True,False,False,0,22,28,41,46,14,3,3,0,3,2,4,5,1746.0
558,MC_SC_17_s01R_189,11,5,3,False,False,False,True,False,6,11,22,0,3,0,9,2,3,1,2,0,0,1625.0
559,MC_SC_17_s01R_190,11,3,2,False,False,False,True,False,1,15,22,0,7,0,4,0,4,2,1,0,0,841.0
562,MC_SC_17_s01R_191,12,5,3,False,False,False,True,False,0,1,1,0,5,0,0,2,0,0,1,1,0,942.0
563,MC_SC_17_s01R_192,12,7,4,False,False,False,True,False,1,28,25,6,41,1,0,2,1,6,7,3,0,2317.0
566,MC_SC_17_s01R_193,12,6,3,False,False,False,True,False,0,27,6,5,11,0,7,0,3,4,2,0,6,1698.0
570,MC_SC_17_s01R_194,12,5,3,False,False,True,False,False,27,10,6,9,5,2,0,0,0,0,1,1,0,1254.0
572,MC_SC_17_s01R_195,12,6,4,False,False,False,True,False,3,66,8,0,54,1,3,2,2,32,8,1,0,3838.0
573,MC_SC_17_s01R_196,12,7,4,False,False,False,True,False,0,20,32,0,13,2,1,0,2,3,3,1,6,1274.0
574,MC_SC_17_s01R_197,12,6,4,False,False,True,False,False,64,5,13,2,2,0,1,1,1,0,5,0,0,2108.0
576,MC_SC_17_s01R_198,12,5,3,False,False,False,True,False,1,32,20,0,109,3,19,5,2,88,10,4,1,3166.0
582,MC_SC_17_s01R_199,12,8,3,False,False,True,False,False,0,64,23,0,26,0,3,0,3,2,0,0,0,2979.0
586,MC_SC_17_s01R_200,12,7,4,False,False,True,False,False,0,49,14,3,62,1,0,3,3,5,2,1,2,3187.0
587,MC_SC_17_s01R_201,12,7,4,False,False,True,False,False,0,34,2,0,3,0,2,0,2,0,0,1,0,1785.0
589,MC_SC_17_s01R_202,12,4,2,False,False,False,True,False,0,6,9,0,0,0,4,0,2,1,4,1,0,1283.0
592,MC_SC_17_s01R_203,12,5,4,False,False,False,True,False,0,7,10,1,6,4,2,3,4,3,5,3,6,711.0
593,MC_SC_17_s01R_204,12,5,3,False,False,False,True,False,0,10,12,0,4,0,2,0,5,0,2,2,0,1260.0
594,MC_SC_17_s01R_205,12,5,3,False,False,True,False,False,0,29,13,6,24,0,11,0,1,7,0,0,1,1404.0
595,MC_SC_17_s01R_206,12,8,6,False,False,True,False,False,37,6,7,0,57,4,9,4,0,27,9,4,1,1604.0
596,MC_SC_17_s01R_207,12,5,4,False,False,True,False,False,1,15,12,2,0,0,0,2,0,1,0,0,3,2113.0
599,MC_SC_17_s01R_208,12,6,4,False,False,False,True,False,0,30,15,0,0,0,4,3,3,1,3,2,5,2278.0
600,MC_SC_17_s01R_209,12,8,6,False,False,True,False,False,0,21,5,0,8,0,3,0,5,0,3,0,1,2364.0
601,MC_SC_17_s01R_210,12,6,3,False,False,False,True,False,0,12,3,1,7,0,12,3,0,1,2,0,3,992.0
602,MC_SC_17_s01R_211,12,6,3,False,False,False,True,False,1,13,22,0,46,2,11,5,10,18,6,0,1,2297.0
605,MC_SC_17_s01R_212,12,6,4,False,False,True,False,False,1,8,5,0,4,0,0,1,2,2,1,0,2,1027.0
607,MC_SC_17_s01R_213,12,5,2,False,False,False,True,False,0,15,18,0,0,0,14,1,4,5,3,2,4,1469.0
608,MC_SC_17_s01R_214,12,5,3,False,False,True,False,False,1,30,11,3,4,1,3,0,4,1,3,0,10,1860.0
610,MC_SC_17_s01R_215,12,6,4,False,False,True,False,False,0,29,8,0,4,0,0,0,4,0,5,0,6,2438.0
612,MC_SC_17_s01R_216,12,2,2,False,False,True,False,False,0,10,7,0,1,0,0,0,2,0,0,0,0,990.0
614,MC_SC_17_s01R_217,13,5,4,False,False,False,True,False,3,20,6,4,6,0,1,0,0,6,4,0,1,1948.0
617,MC_SC_17_s01R_218,13,8,6,False,False,False,True,False,0,57,12,0,40,0,2,3,3,41,9,3,0,5258.0
618,MC_SC_17_s01R_219,13,5,3,False,False,False,True,False,2,15,1,1,8,0,2,0,2,0,1,0,4,1737.0
620,MC_SC_17_s01R_220,13,4,3,False,False,False,True,False,1,8,7,2,7,1,0,0,2,2,3,0,2,1352.0
624,MC_SC_17_s01R_221,13,5,4,False,False,True,False,False,56,10,5,11,37,0,7,4,0,5,8,0,2,1258.0
626,MC_SC_17_s01R_222,13,4,2,False,True,True,False,False,0,19,5,0,1,0,0,0,0,3,2,0,0,1057.0
627,MC_SC_17_s01R_223,13,5,4,False,False,False,True,False,3,16,11,0,3,1,2,0,2,0,4,0,0,1768.0
628,MC_SC_17_s01R_224,13,7,6,False,True,True,False,False,0,12,2,0,11,2,0,0,2,0,1,2,0,1050.0
629,MC_SC_17_s01R_225,13,4,3,False,False,False,True,False,0,24,10,5,37,0,0,1,0,0,0,2,2,2190.0
630,MC_SC_17_s01R_226,13,5,4,False,False,False,True,False,2,6,0,0,7,0,0,1,0,0,4,1,0,1746.0
632,MC_SC_17_s01R_227,13,5,3,False,False,True,False,False,0,29,5,0,0,0,0,0,5,0,0,0,4,1655.0
633,MC_SC_17_s01R_228,13,4,3,False,False,True,False,False,1,28,5,0,13,0,0,2,5,0,2,0,1,3322.0
636,MC_SC_17_s01R_229,13,3,2,False,False,True,False,False,24,16,10,8,38,0,3,7,1,7,1,1,2,822.0
637,MC_SC_17_s01R_230,13,9,5,False,False,False,True,False,1,22,38,0,126,1,0,2,9,125,16,4,0,3627.0
638,MC_SC_17_s01R_231,13,4,2,False,False,True,False,False,0,21,6,0,0,0,2,2,0,1,2,0,9,1515.0
639,MC_SC_17_s01R_232,13,7,4,False,False,True,False,False,0,9,2,0,1,0,2,2,3,1,3,0,3,1362.0
640,MC_SC_17_s01R_233,13,10,7,False,False,False,True,False,0,23,29,1,8,0,16,3,7,31,6,4,4,2564.0
644,MC_SC_17_s01R_234,13,5,3,False,False,True,False,False,0,15,11,7,17,7,5,5,0,2,1,2,6,1222.0
646,MC_SC_17_s01R_235,13,6,4,False,False,True,False,False,56,38,21,0,65,0,1,0,0,6,2,0,3,1859.0
647,MC_SC_17_s01R_236,13,3,2,False,False,False,True,False,1,1,4,0,0,0,0,1,2,0,1,0,0,660.0
648,MC_SC_17_s01R_237,13,7,4,False,False,True,False,False,0,27,18,0,6,0,0,1,3,0,5,0,2,1869.0
649,MC_SC_17_s01R_238,13,7,4,False,False,True,False,False,0,47,28,4,6,2,1,4,3,11,2,0,11,2784.0
651,MC_SC_17_s01R_239,13,5,3,False,False,False,True,False,0,6,16,0,1,0,3,0,0,0,3,0,0,1058.0
652,MC_SC_17_s01R_240,13,8,4,False,False,False,True,False,2,55,40,0,10,1,20,3,2,1,2,0,3,973.0
653,MC_SC_17_s01R_241,14,4,3,False,False,False,True,False,2,24,12,0,26,1,2,3,0,8,9,3,0,3328.0
654,MC_SC_17_s01R_242,14,4,3,False,False,True,False,False,10,7,7,0,4,1,3,2,1,3,3,0,2,1147.0
657,MC_SC_17_s01R_243,14,7,5,False,False,True,False,False,54,22,8,0,80,0,0,2,0,9,9,1,6,2548.0
659,MC_SC_17_s01R_244,14,5,2,False,False,False,True,False,2,34,21,0,73,3,3,1,2,20,6,3,0,2981.0
660,MC_SC_17_s01R_245,14,4,2,False,False,True,False,False,89,27,30,3,48,1,6,2,3,14,5,2,12,1803.0
665,MC_SC_17_s01R_246,14,5,4,False,False,False,True,False,1,44,18,0,1,0,2,1,0,0,2,0,1,1874.0
666,MC_SC_17_s01R_247,14,6,4,False,False,False,True,False,5,30,13,5,98,1,3,2,6,35,9,3,0,5698.0
669,MC_SC_17_s01R_248,14,6,3,False,False,True,False,False,1,16,35,0,3,1,0,2,2,9,3,0,6,2981.0
671,MC_SC_17_s01R_249,14,9,3,False,False,True,False,False,1,57,21,0,3,0,0,0,3,4,4,0,4,2757.0
674,MC_SC_17_s01R_250,14,8,6,False,False,False,True,False,0,17,14,0,46,0,0,1,0,0,4,2,5,3954.0
681,MC_SC_17_s01R_251,14,3,2,False,False,False,True,False,0,2,3,0,9,0,2,2,0,1,0,0,0,713.0
683,MC_SC_17_s01R_252,14,3,2,False,False,False,True,False,2,9,3,0,2,0,2,1,1,1,4,1,0,1303.0
684,MC_SC_17_s01R_253,14,7,4,False,False,True,False,False,53,19,12,0,69,2,4,0,1,31,6,5,5,2690.0
686,MC_SC_17_s01R_254,14,3,2,False,False,True,False,False,0,28,23,0,1,0,0,0,1,1,1,1,1,1437.0
694,MC_SC_17_s01R_255,14,8,6,False,False,True,False,False,106,76,57,1,205,2,6,2,0,9,11,5,8,4008.0
697,MC_SC_17_s01R_256,14,5,2,False,False,False,True,False,0,33,26,4,12,1,12,3,3,0,0,0,7,790.0
698,MC_SC_17_s01R_257,14,4,2,False,False,False,True,False,0,37,32,0,4,3,0,2,1,2,1,4,4,1214.0
699,MC_SC_17_s01R_258,14,5,3,False,False,False,True,False,0,9,15,8,19,0,5,3,7,7,4,0,0,690.0
700,MC_SC_17_s01R_259,14,4,3,False,False,False,True,False,3,26,15,1,6,0,1,0,2,0,6,0,3,1023.0
702,MC_SC_17_s01R_260,15,8,4,False,False,False,True,False,0,27,9,0,9,0,0,0,3,4,11,0,2,3761.0
704,MC_SC_17_s01R_261,15,6,4,False,False,True,False,False,0,12,7,1,8,1,2,0,0,0,4,1,2,1382.0
706,MC_SC_17_s01R_262,15,4,3,False,False,False,True,False,0,15,5,0,0,0,2,1,1,2,3,1,0,1286.0
707,MC_SC_17_s01R_263,15,3,2,False,False,False,True,False,0,19,4,0,10,0,2,1,3,2,3,0,10,1072.0
708,MC_SC_17_s01R_264,15,5,3,False,False,True,False,False,0,6,9,1,15,0,1,1,1,2,2,3,1,1463.0
712,MC_SC_17_s01R_265,15,7,5,False,False,False,True,False,1,57,6,0,82,1,3,1,4,40,4,3,1,2799.0
713,MC_SC_17_s01R_266,15,10,4,False,False,True,False,False,1,39,8,0,18,0,2,2,2,0,3,0,1,1736.0
715,MC_SC_17_s01R_267,15,4,3,False,False,True,False,False,0,2,1,0,61,0,1,2,3,0,2,0,0,1404.0
716,MC_SC_17_s01R_268,15,7,5,False,False,True,False,False,81,19,11,1,86,1,0,3,0,1,10,0,2,2521.0
717,MC_SC_17_s01R_269,15,6,4,False,False,True,False,False,0,13,12,2,3,0,0,1,3,0,6,0,4,1864.0
718,MC_SC_17_s01R_270,15,5,3,False,False,True,False,False,1,20,0,1,0,0,0,0,0,1,1,0,7,1914.0
720,MC_SC_17_s01R_271,15,6,5,False,False,False,True,False,0,7,18,0,3,0,0,0,1,1,0,2,4,940.0
722,MC_SC_17_s01R_272,15,6,4,False,False,True,False,False,0,25,21,0,5,0,2,2,2,5,6,1,3,1684.0
729,MC_SC_17_s01R_273,15,5,4,False,False,False,True,False,0,20,7,0,2,0,8,1,1,0,3,1,4,1513.0
730,MC_SC_17_s01R_274,15,7,4,False,False,True,False,False,0,12,15,2,4,0,0,0,4,0,1,0,2,1990.0
732,MC_SC_17_s01R_275,15,3,2,False,False,False,False,True,160,8,6,0,37,1,9,0,3,0,6,17,12,1843.0
733,MC_SC_17_s01R_276,15,4,2,False,False,True,False,False,0,7,5,11,32,5,1,0,0,0,0,0,2,586.0
734,MC_SC_17_s01R_277,15,5,3,False,False,True,False,False,1,31,27,25,28,10,3,1,4,2,4,5,1,1239.0
738,MC_SC_17_s01R_278,16,4,3,False,False,False,True,False,0,26,1,0,17,0,0,6,0,8,5,1,0,2153.0
740,MC_SC_17_s01R_279,16,8,7,False,False,True,False,False,62,12,2,6,15,2,2,5,1,0,0,6,0,1443.0
742,MC_SC_17_s01R_280,16,6,3,False,False,False,True,False,2,61,8,0,44,1,8,4,2,53,4,0,0,3802.0
743,MC_SC_17_s01R_281,16,5,4,False,False,False,True,False,0,13,27,0,23,0,0,0,0,2,4,0,2,1422.0
745,MC_SC_17_s01R_282,16,5,3,False,False,True,True,False,32,10,6,0,12,0,4,3,3,3,7,0,1,1237.0
748,MC_SC_17_s01R_283,16,8,6,False,False,True,False,False,1,32,5,0,43,0,0,0,1,0,2,0,0,2163.0
750,MC_SC_17_s01R_284,16,6,5,False,False,True,False,False,0,15,4,2,8,0,0,0,0,2,0,0,0,3430.0
751,MC_SC_17_s01R_285,16,7,5,False,False,False,True,False,1,103,13,0,20,0,2,0,3,13,5,2,0,3952.0
752,MC_SC_17_s01R_286,16,3,3,False,False,True,False,False,19,9,12,0,4,0,1,1,2,0,1,0,5,634.0
753,MC_SC_17_s01R_287,16,7,4,False,False,False,True,False,2,30,13,0,99,1,5,1,0,15,8,6,1,3995.0
754,MC_SC_17_s01R_288,16,6,2,False,False,True,False,False,0,13,2,2,11,0,1,0,0,2,1,0,3,2501.0
755,MC_SC_17_s01R_289,16,7,4,False,False,True,False,False,1,40,12,2,3,1,0,0,1,18,6,0,4,2903.0
756,MC_SC_17_s01R_290,16,2,2,False,False,False,True,False,0,13,7,0,0,1,1,0,0,0,2,2,0,892.0
757,MC_SC_17_s01R_291,16,4,3,False,False,False,True,False,1,25,6,0,6,2,5,5,3,6,5,1,5,1296.0
758,MC_SC_17_s01R_292,16,5,3,False,False,True,False,False,0,16,3,0,5,0,2,1,1,5,4,0,11,1745.0
759,MC_SC_17_s01R_293,16,6,4,False,False,True,False,False,0,26,27,0,1,1,3,1,3,14,3,0,6,2191.0
762,MC_SC_17_s01R_294,16,5,3,False,False,True,False,False,1,4,13,2,17,0,14,5,6,3,4,6,6,881.0
776,MC_SC_17_s01R_295,16,8,5,False,False,False,True,False,1,50,43,0,9,0,6,0,5,0,0,2,9,2227.0
779,MC_SC_17_s01R_296,17,3,2,False,False,False,True,False,0,5,9,3,16,0,1,0,0,0,0,3,0,1005.0
780,MC_SC_17_s01R_297,17,7,2,False,False,True,False,False,65,26,28,10,54,1,10,1,0,14,7,3,9,2616.0
781,MC_SC_17_s01R_298,17,6,2,False,False,True,False,False,59,8,25,2,8,0,0,0,1,0,5,0,0,2411.0
783,MC_SC_17_s01R_299,17,6,3,False,False,True,False,False,45,15,14,4,34,0,3,4,4,11,3,2,8,1403.0
784,MC_SC_17_s01R_300,17,5,2,False,False,False,True,False,0,7,50,0,6,1,6,1,4,41,4,1,4,4180.0
785,MC_SC_17_s01R_301,17,5,2,False,False,False,True,False,4,97,9,0,80,5,3,2,3,82,8,4,0,3991.0
786,MC_SC_17_s01R_302,17,4,2,False,False,False,True,False,0,4,1,0,0,0,0,0,0,0,3,1,0,1944.0
787,MC_SC_17_s01R_303,17,6,4,False,False,True,False,False,3,45,12,0,30,0,2,0,0,0,4,0,1,2362.0
788,MC_SC_17_s01R_304,17,3,2,False,False,True,False,False,40,14,6,1,5,1,6,3,2,5,5,0,10,1510.0
790,MC_SC_17_s01R_305,17,5,4,False,False,False,True,False,0,31,16,0,3,0,0,0,1,0,3,0,0,2741.0
794,MC_SC_17_s01R_306,17,5,3,False,False,False,True,False,4,67,20,0,6,0,8,2,4,85,10,4,14,4265.0
795,MC_SC_17_s01R_307,17,6,4,False,False,True,False,False,0,19,11,1,2,0,0,2,4,1,1,1,2,1649.0
797,MC_SC_17_s01R_308,17,6,4,False,False,True,False,False,110,36,15,0,96,0,3,0,1,3,5,3,6,3496.0
802,MC_SC_17_s01R_309,17,6,4,False,False,False,True,False,1,6,26,0,2,0,0,0,0,1,0,0,2,1983.0
804,MC_SC_17_s01R_310,17,6,3,False,False,True,False,False,0,31,12,2,13,0,2,0,2,5,3,0,1,2357.0
805,MC_SC_17_s01R_311,17,5,3,False,False,False,True,False,0,18,3,0,0,0,0,1,5,3,5,4,1,1585.0
809,MC_SC_17_s01R_312,17,4,2,False,False,False,True,False,0,12,4,0,33,1,0,0,2,6,3,0,1,1169.0
812,MC_SC_17_s01R_313,17,4,3,False,False,False,True,False,0,1,0,7,12,0,0,1,0,4,1,0,0,716.0
821,MC_SC_17_s01R_314,17,3,1,False,False,False,True,False,0,23,6,0,3,2,0,0,1,5,1,3,3,561.0
824,MC_SC_17_s01R_315,18,5,3,False,False,False,True,False,4,54,5,0,36,2,0,3,0,10,9,2,1,3972.0
825,MC_SC_17_s01R_316,18,3,1,False,False,False,True,False,0,8,17,0,3,0,1,0,3,0,4,0,8,1151.0
826,MC_SC_17_s01R_317,18,4,3,False,False,True,False,False,1,28,2,0,8,0,0,0,5,0,4,0,4,1848.0
828,MC_SC_17_s01R_318,18,4,2,False,False,True,False,False,1,16,4,0,3,0,0,1,0,0,2,0,0,2718.0
831,MC_SC_17_s01R_319,18,5,2,False,False,False,True,False,0,3,7,0,15,0,0,1,1,2,2,0,3,1544.0
832,MC_SC_17_s01R_320,18,4,2,False,False,False,True,False,0,10,19,1,2,0,0,1,2,3,2,1,1,1531.0
833,MC_SC_17_s01R_321,18,4,2,False,False,False,True,False,0,9,19,0,1,1,0,1,1,3,3,0,8,1172.0
835,MC_SC_17_s01R_322,18,5,4,False,False,True,False,False,41,36,16,10,98,1,3,4,1,10,6,1,1,2241.0
838,MC_SC_17_s01R_323,18,5,3,False,False,True,False,False,76,48,29,5,108,5,5,6,3,50,9,3,5,2874.0
839,MC_SC_17_s01R_324,18,6,4,False,False,True,False,False,0,24,4,0,20,0,1,5,0,18,2,0,8,2119.0
844,MC_SC_17_s01R_325,18,9,6,False,False,True,False,False,2,36,26,0,2,0,0,3,1,17,8,0,9,3533.0
847,MC_SC_17_s01R_326,18,6,4,False,False,False,True,False,6,64,23,0,45,1,8,2,6,68,12,6,0,4482.0
853,MC_SC_17_s01R_327,18,5,3,False,False,False,True,False,0,21,33,0,0,2,1,3,1,4,2,1,8,2336.0
855,MC_SC_17_s01R_328,18,2,2,False,False,True,False,False,18,6,9,0,2,0,1,1,1,0,1,2,1,898.0
856,MC_SC_17_s01R_329,18,7,5,False,False,False,True,False,0,23,8,0,0,0,6,4,3,0,0,3,3,1399.0
858,MC_SC_17_s01R_330,18,4,2,False,False,False,True,False,0,6,20,0,5,2,1,2,2,1,3,1,4,1330.0
859,MC_SC_17_s01R_331,18,2,1,False,False,True,False,False,1,11,0,8,2,0,4,2,2,3,2,1,5,1159.0
863,MC_SC_17_s01R_332,18,4,2,False,False,False,True,False,1,29,26,2,3,0,10,0,3,38,3,0,4,2058.0
866,MC_SC_17_s01R_333,18,5,4,False,False,False,True,False,1,28,32,0,5,0,12,2,2,3,4,1,4,1620.0
867,MC_SC_17_s01R_334,18,4,2,False,False,False,True,False,1,22,3,11,33,0,0,4,4,6,2,3,8,2009.0
868,MC_SC_17_s01R_335,18,6,4,False,False,False,True,False,5,24,2,0,12,0,0,0,0,0,0,3,0,1148.0
869,MC_SC_17_s01R_336,18,6,3,False,False,False,True,False,0,24,23,16,65,0,1,0,0,1,0,1,0,1570.0
870,MC_SC_17_s01R_337,18,6,3,False,False,False,True,False,1,4,27,0,0,0,12,2,10,0,5,1,1,1152.0
871,MC_SC_17_s01R_338,18,5,2,False,False,True,False,False,1,14,6,0,6,1,1,1,2,2,2,0,4,1178.0
877,MC_SC_17_s01R_339,18,4,3,False,False,False,True,False,0,25,33,4,12,1,7,3,7,1,0,3,2,864.0
878,MC_SC_17_s01R_340,19,5,3,False,False,True,False,False,69,37,22,0,60,0,3,0,0,3,5,4,8,1633.0
879,MC_SC_17_s01R_341,19,3,2,False,False,False,True,False,0,16,10,0,3,5,1,0,0,1,2,4,4,1598.0
882,MC_SC_17_s01R_342,19,5,3,False,False,False,True,False,1,10,36,0,0,2,1,0,1,1,2,2,4,2523.0
883,MC_SC_17_s01R_343,19,7,5,False,False,False,True,False,2,14,18,0,62,0,0,1,0,34,10,7,1,2901.0
885,MC_SC_17_s01R_344,19,4,3,False,False,False,True,False,1,25,6,0,4,0,5,4,0,14,6,2,0,1959.0
887,MC_SC_17_s01R_345,19,2,1,False,False,False,True,False,0,5,5,0,11,0,0,1,0,0,0,0,0,1222.0
888,MC_SC_17_s01R_346,19,3,2,False,False,False,True,False,0,10,1,0,0,0,0,3,4,0,4,0,3,850.0
889,MC_SC_17_s01R_347,19,6,3,False,True,True,False,False,0,34,12,2,44,0,3,1,5,3,3,1,3,2967.0
891,MC_SC_17_s01R_348,19,8,6,False,False,False,True,False,2,46,32,1,34,0,0,1,1,36,5,0,0,2762.0
895,MC_SC_17_s01R_349,19,3,2,False,False,False,True,False,2,26,30,0,7,0,4,0,5,0,1,0,6,1756.0
899,MC_SC_17_s01R_350,19,4,2,False,False,True,False,False,0,37,12,3,32,0,0,1,0,6,4,5,0,1759.0
902,MC_SC_17_s01R_351,19,6,3,False,False,False,True,False,0,38,28,0,7,0,17,5,4,6,6,1,11,1871.0
904,MC_SC_17_s01R_352,19,11,7,False,False,False,True,False,1,19,62,0,215,1,0,7,6,114,25,5,3,3804.0
909,MC_SC_17_s01R_353,19,3,2,False,False,False,True,False,1,50,19,0,6,0,2,1,1,5,0,0,2,1762.0
913,MC_SC_17_s01R_354,19,4,2,False,False,False,True,False,0,20,30,0,3,0,11,2,7,0,2,3,1,971.0
915,MC_SC_17_s01R_355,19,6,2,False,False,True,False,False,0,18,20,12,28,8,4,0,0,4,3,1,6,1098.0
919,MC_SC_17_s01R_356,20,6,3,False,False,True,False,False,69,21,11,7,33,1,11,5,6,2,3,2,6,1764.0
920,MC_SC_17_s01R_357,20,8,6,False,False,False,True,False,0,12,25,1,19,2,0,2,1,1,1,0,6,2966.0
921,MC_SC_17_s01R_358,20,6,5,False,False,True,False,False,72,23,21,3,42,0,1,0,2,0,0,2,2,2091.0
922,MC_SC_17_s01R_359,20,7,5,False,False,False,True,False,2,16,13,2,26,0,1,1,1,5,11,0,2,3602.0
924,MC_SC_17_s01R_360,20,7,6,False,False,False,True,False,0,2,21,0,14,0,0,1,0,16,8,1,3,2278.0
925,MC_SC_17_s01R_361,20,3,2,False,False,False,True,False,0,6,16,0,1,0,0,0,1,0,0,0,2,820.0
926,MC_SC_17_s01R_362,20,3,3,False,False,False,True,False,1,16,5,1,10,1,3,1,3,1,1,0,1,1159.0
927,MC_SC_17_s01R_363,20,4,3,False,False,False,True,False,0,41,11,1,121,0,1,6,3,1,5,1,3,3673.0
929,MC_SC_17_s01R_364,20,5,4,False,False,True,False,False,72,16,16,4,38,3,11,9,2,16,6,1,10,2173.0
930,MC_SC_17_s01R_365,20,5,3,False,False,False,True,False,4,29,30,0,6,2,3,2,3,1,1,0,4,2641.0
931,MC_SC_17_s01R_366,20,2,2,False,False,True,False,False,43,22,16,0,10,0,3,1,2,2,3,3,6,773.0
934,MC_SC_17_s01R_367,20,6,3,False,False,False,True,False,1,40,21,4,70,1,0,1,3,27,5,2,0,3177.0
935,MC_SC_17_s01R_368,20,5,2,False,False,True,False,False,9,38,3,0,9,0,0,1,1,0,0,0,7,1677.0
937,MC_SC_17_s01R_369,20,4,2,False,False,True,False,False,34,31,2,0,19,0,5,0,0,1,3,0,4,776.0
938,MC_SC_17_s01R_370,20,5,3,False,False,True,False,False,0,17,3,0,68,1,0,3,4,0,4,0,3,2121.0
939,MC_SC_17_s01R_371,20,6,3,False,False,True,False,False,1,28,8,0,6,0,1,0,0,0,2,0,6,2153.0
940,MC_SC_17_s01R_372,20,5,4,False,False,True,False,False,0,24,22,1,4,1,0,0,3,0,0,0,8,3415.0
942,MC_SC_17_s01R_373,20,8,3,False,False,True,False,False,0,15,11,0,13,0,5,1,2,7,3,0,4,1506.0
946,MC_SC_17_s01R_374,20,5,3,False,False,True,False,False,3,5,0,15,4,4,6,0,4,8,4,2,7,1764.0
952,MC_SC_17_s01R_375,20,3,2,False,False,False,True,False,2,5,13,0,22,0,5,6,0,1,4,5,1,1055.0
955,MC_SC_17_s01R_376,20,3,2,False,False,True,False,False,59,21,14,16,9,3,1,0,0,0,2,0,0,857.0
959,MC_SC_17_s01R_377,20,5,4,False,False,False,True,False,0,25,46,14,12,0,1,3,1,1,1,1,0,1742.0
960,MC_SC_17_s01R_378,20,3,2,False,False,False,True,False,0,15,28,12,14,0,1,1,0,1,0,1,3,868.0
961,MC_SC_17_s01R_379,20,7,5,False,False,True,False,False,0,20,32,36,119,1,34,3,2,47,16,3,1,2759.0
962,MC_SC_17_s01R_380,21,5,3,False,False,False,True,False,0,0,10,0,1,0,0,0,0,0,0,2,0,1118.0
963,MC_SC_17_s01R_381,21,4,3,False,False,False,True,False,1,2,10,6,28,0,0,0,0,0,1,0,0,1306.0
967,MC_SC_17_s01R_382,21,1,1,False,False,True,False,False,60,22,16,0,11,0,1,0,0,0,0,1,4,1461.0
968,MC_SC_17_s01R_383,21,4,3,False,False,False,True,False,2,6,12,0,0,0,2,2,1,0,1,0,3,700.0
970,MC_SC_17_s01R_384,21,7,5,False,False,False,True,False,9,28,21,0,79,1,2,4,2,17,7,4,1,3219.0
973,MC_SC_17_s01R_385,21,7,3,False,False,False,True,False,1,8,13,0,44,2,1,4,0,18,8,1,0,3257.0
975,MC_SC_17_s01R_386,21,4,2,False,False,False,True,False,3,36,4,0,8,2,0,5,4,11,8,4,0,2081.0
976,MC_SC_17_s01R_387,21,8,4,False,False,True,False,False,56,8,8,3,79,3,2,2,0,7,5,2,4,2203.0
980,MC_SC_17_s01R_388,21,5,4,False,False,True,False,False,47,18,4,0,30,0,0,4,0,7,3,3,1,1273.0
985,MC_SC_17_s01R_389,21,7,4,False,False,False,True,False,0,38,26,0,5,0,0,0,1,0,2,0,2,2293.0
986,MC_SC_17_s01R_390,21,4,2,False,False,True,False,False,0,39,6,0,2,1,1,0,2,0,0,0,3,1672.0
987,MC_SC_17_s01R_391,21,4,3,False,False,True,False,False,0,15,3,0,4,0,0,0,1,0,2,0,3,1451.0
990,MC_SC_17_s01R_392,21,4,3,False,False,False,True,False,3,57,21,0,10,0,2,1,4,17,8,0,16,3412.0
998,MC_SC_17_s01R_393,21,8,5,False,False,False,True,False,0,83,37,0,21,1,32,4,8,108,11,1,6,4462.0
1000,MC_SC_17_s01R_394,21,4,3,False,False,True,False,False,44,17,12,0,6,0,5,1,0,7,2,1,5,958.0
1002,MC_SC_17_s01R_395,21,7,4,False,False,False,True,False,0,10,16,0,2,0,9,5,1,20,6,1,3,1022.0
1003,MC_SC_17_s01R_396,21,5,3,False,False,True,False,False,22,14,20,0,16,1,5,1,0,5,6,0,5,1288.0
1012,MC_SC_17_s01R_397,21,6,4,False,False,False,True,False,1,40,12,0,120,9,1,3,5,10,5,2,1,2403.0
1015,MC_SC_17_s01R_398,21,6,4,False,False,True,False,False,51,13,7,0,10,0,0,4,6,0,0,2,2,1423.0
1016,MC_SC_17_s01R_399,21,5,4,False,False,True,False,False,1,8,26,4,4,4,7,1,1,2,4,4,7,1632.0
1020,MC_SC_17_s01R_400,21,2,1,False,False,False,True,False,0,5,5,0,1,0,7,2,2,0,1,0,7,429.0
1023,MC_SC_17_s01R_401,22,6,4,False,False,True,False,False,1,21,18,3,75,0,11,5,5,3,3,4,1,2985.0
1025,MC_SC_17_s01R_402,22,4,3,False,False,False,True,False,0,17,8,0,8,1,6,3,0,2,5,0,4,1486.0
1026,MC_SC_17_s01R_403,22,4,2,False,False,True,False,False,101,13,7,9,27,3,11,0,1,21,1,2,5,1765.0
1027,MC_SC_17_s01R_404,22,9,8,False,False,False,True,False,0,11,18,0,18,1,4,0,2,1,9,0,4,2590.0
1028,MC_SC_17_s01R_405,22,3,2,False,False,False,True,False,1,14,25,0,3,0,2,2,2,0,2,0,11,2184.0
1029,MC_SC_17_s01R_406,22,6,3,True,False,False,True,False,0,9,24,0,1,0,0,0,3,5,6,1,0,2254.0
1030,MC_SC_17_s01R_407,22,4,3,False,False,False,True,False,1,40,23,0,17,3,4,2,1,30,7,2,6,2900.0
1033,MC_SC_17_s01R_408,22,6,4,False,False,True,False,False,0,26,40,5,59,3,0,1,4,0,9,0,2,2248.0
1034,MC_SC_17_s01R_409,22,6,3,False,False,True,False,False,0,37,29,11,48,1,6,3,5,1,7,0,2,1965.0
1035,MC_SC_17_s01R_410,22,4,2,False,False,True,False,False,0,16,10,13,35,4,3,0,2,5,5,3,0,1666.0
1037,MC_SC_17_s01R_411,22,3,2,False,False,True,False,False,17,6,1,11,4,6,0,3,3,1,2,1,3,1631.0
1040,MC_SC_17_s01R_412,22,4,2,False,False,False,True,False,2,7,2,0,1,0,0,0,0,3,2,2,1,1608.0
1042,MC_SC_17_s01R_413,22,7,3,False,False,True,False,False,98,32,19,17,21,1,0,2,0,40,6,4,4,3031.0
1045,MC_SC_17_s01R_414,22,5,4,False,False,False,True,False,0,28,31,0,1,3,0,1,4,2,3,2,6,2171.0
1049,MC_SC_17_s01R_415,22,8,5,False,False,False,True,False,0,28,35,0,8,0,3,3,0,0,1,2,7,1446.0
1055,MC_SC_17_s01R_416,23,5,4,False,False,False,True,False,2,13,5,0,1,0,1,0,0,0,0,3,0,1947.0
1057,MC_SC_17_s01R_417,23,4,3,False,False,False,True,False,1,29,13,0,20,3,0,2,1,0,6,6,1,1566.0
1058,MC_SC_17_s01R_418,23,7,4,False,False,False,True,False,3,56,18,0,98,0,0,1,4,12,5,6,2,4410.0
1059,MC_SC_17_s01R_419,23,5,2,False,False,False,True,False,0,14,26,0,4,0,0,0,0,2,4,3,5,2837.0
1060,MC_SC_17_s01R_420,23,5,3,False,False,True,False,False,0,23,1,16,47,1,0,0,2,1,5,2,1,2018.0
1061,MC_SC_17_s01R_421,23,4,2,False,False,False,True,False,0,23,4,0,1,1,2,0,1,0,2,0,6,2197.0
1062,MC_SC_17_s01R_422,23,5,4,False,False,True,False,False,44,13,8,1,52,1,2,2,1,15,3,0,0,2218.0
1063,MC_SC_17_s01R_423,23,5,3,False,False,False,True,False,0,23,10,0,43,3,5,3,2,8,8,3,0,2828.0
1064,MC_SC_17_s01R_424,23,7,5,False,False,False,True,False,0,19,24,0,0,3,1,0,1,0,2,1,5,3762.0
1067,MC_SC_17_s01R_425,23,4,3,False,False,True,False,False,42,10,9,1,9,0,5,0,2,2,5,0,4,1029.0
1068,MC_SC_17_s01R_426,23,4,3,False,False,False,True,False,0,21,10,0,3,0,2,0,0,0,0,0,2,1860.0
1070,MC_SC_17_s01R_427,23,6,3,False,False,True,False,False,0,13,2,1,45,1,8,3,2,12,7,1,5,2021.0
1071,MC_SC_17_s01R_428,23,7,4,False,False,False,True,False,3,38,33,0,22,0,1,0,0,11,4,0,1,2550.0
1072,MC_SC_17_s01R_429,23,3,2,False,False,True,False,False,2,11,3,0,7,0,0,0,0,0,1,0,6,1836.0
1073,MC_SC_17_s01R_430,23,5,3,False,False,False,True,False,0,18,24,1,4,0,0,0,2,0,3,1,0,1965.0
1074,MC_SC_17_s01R_431,23,4,2,False,False,True,False,False,0,34,29,0,2,0,1,0,2,0,0,1,0,1234.0
1076,MC_SC_17_s01R_432,23,8,6,False,False,False,True,False,1,22,14,0,35,1,4,1,1,7,6,1,5,3542.0
1078,MC_SC_17_s01R_433,23,5,3,False,False,True,False,False,0,23,6,2,56,2,0,2,1,0,5,0,3,2258.0
1080,MC_SC_17_s01R_434,23,5,3,False,False,True,False,False,58,42,36,7,144,4,1,1,4,46,12,1,2,4717.0
1091,MC_SC_17_s01R_435,23,5,4,False,False,False,True,False,0,35,33,0,12,0,1,0,0,17,2,0,0,1492.0
1092,MC_SC_17_s01R_436,23,5,3,False,False,False,True,False,2,12,11,0,5,0,7,2,4,0,5,2,4,1840.0
1093,MC_SC_17_s01R_437,23,5,4,False,False,True,False,False,0,0,6,2,2,10,2,1,5,2,1,2,2,662.0
1096,MC_SC_17_s01R_438,24,6,3,False,False,False,True,False,3,8,9,0,43,0,0,0,2,7,4,1,1,3021.0
1098,MC_SC_17_s01R_439,24,5,2,False,False,True,False,False,39,4,12,4,3,0,1,0,0,1,1,0,0,1658.0
1100,MC_SC_17_s01R_440,24,7,5,False,False,False,True,False,1,26,16,6,119,1,0,3,2,2,4,1,0,3595.0
1101,MC_SC_17_s01R_441,24,6,3,False,False,False,True,False,0,11,29,0,5,0,1,1,1,1,1,0,4,2523.0
1102,MC_SC_17_s01R_442,24,4,3,False,False,False,True,False,0,38,22,0,2,2,1,1,0,7,1,1,2,3181.0
1104,MC_SC_17_s01R_443,24,3,1,False,False,False,True,False,1,11,13,0,0,0,5,1,1,4,1,0,7,2441.0
1105,MC_SC_17_s01R_444,24,2,2,False,False,False,True,False,0,8,15,0,8,0,4,2,0,0,4,0,0,1429.0
1106,MC_SC_17_s01R_445,24,5,4,False,False,True,False,False,24,46,13,0,35,1,5,0,3,9,3,1,1,2917.0
1107,MC_SC_17_s01R_446,24,4,3,False,False,False,True,False,0,6,10,0,8,0,0,0,0,2,4,0,2,1249.0
1110,MC_SC_17_s01R_447,24,6,4,False,False,True,False,False,0,32,14,3,35,2,0,0,0,3,6,0,0,2737.0
1114,MC_SC_17_s01R_448,24,5,4,False,False,True,False,False,10,38,11,0,15,0,2,1,1,0,0,0,0,1638.0
1115,MC_SC_17_s01R_449,24,4,2,False,False,True,False,False,21,16,8,0,25,4,8,2,3,0,1,0,0,1280.0
1119,MC_SC_17_s01R_450,24,5,3,False,False,True,False,False,2,14,3,0,10,0,0,0,0,1,2,0,1,1120.0
1120,MC_SC_17_s01R_451,24,3,1,False,False,False,True,False,5,12,13,0,3,10,0,3,3,0,5,5,4,1078.0
1121,MC_SC_17_s01R_452,24,4,3,False,False,True,False,False,20,7,5,0,34,0,4,1,2,0,7,1,4,850.0
1126,MC_SC_17_s01R_453,24,4,3,False,False,True,False,False,62,21,9,0,41,0,2,2,2,0,1,2,0,1365.0
1135,MC_SC_17_s01R_454,24,5,3,False,False,False,True,False,0,18,22,20,27,1,0,2,0,0,2,10,0,1393.0
1138,MC_SC_17_s01R_455,24,6,5,False,False,False,True,False,0,66,80,0,207,5,23,5,11,23,21,6,0,3458.0
1140,MC_SC_17_s01R_456,24,5,3,False,False,False,True,False,0,35,25,0,10,0,8,1,8,0,1,4,4,780.0
1142,MC_SC_17_s01R_457,25,5,2,False,False,True,False,False,67,2,23,0,41,2,7,3,3,11,5,4,6,1674.0
1144,MC_SC_17_s01R_458,25,4,3,False,False,False,False,True,112,23,4,0,12,0,2,0,0,0,0,4,0,2179.0
1147,MC_SC_17_s01R_459,25,3,2,False,False,False,True,False,0,11,20,0,1,0,0,3,1,1,1,0,3,1354.0
1148,MC_SC_17_s01R_460,25,3,2,False,False,True,False,False,12,11,7,0,35,0,0,0,0,0,2,0,1,1099.0
1149,MC_SC_17_s01R_461,25,3,2,False,False,False,True,False,2,30,2,0,1,0,4,1,2,10,1,0,0,1552.0
1150,MC_SC_17_s01R_462,25,2,2,False,False,True,False,False,58,22,12,2,63,1,14,3,5,20,5,3,8,2201.0
1152,MC_SC_17_s01R_463,25,2,1,False,False,True,False,False,33,15,12,0,13,0,5,11,0,3,4,0,1,1141.0
1153,MC_SC_17_s01R_464,25,5,2,False,False,False,True,False,4,21,11,0,29,3,7,1,2,47,8,4,1,2139.0
1154,MC_SC_17_s01R_465,25,4,2,False,False,True,False,False,14,11,11,0,4,2,14,6,2,3,5,4,0,1213.0
1155,MC_SC_17_s01R_466,25,5,3,False,False,True,False,False,57,28,26,9,46,3,5,3,0,4,6,4,8,1654.0
1156,MC_SC_17_s01R_467,25,5,3,False,False,True,False,False,0,43,11,3,28,0,1,0,1,34,6,0,3,4026.0
1158,MC_SC_17_s01R_468,25,6,4,False,False,True,False,False,67,34,7,1,66,0,2,1,3,8,7,1,0,2195.0
1159,MC_SC_17_s01R_469,25,5,3,False,False,True,False,False,0,21,6,0,3,0,0,0,1,0,3,0,0,1691.0
1164,MC_SC_17_s01R_470,25,5,3,False,False,True,False,False,100,63,12,6,116,2,0,4,0,21,11,3,6,4831.0
1165,MC_SC_17_s01R_471,25,6,4,False,False,False,True,False,0,20,16,0,2,6,0,1,3,1,5,9,15,1023.0
1175,MC_SC_17_s01R_472,25,4,2,False,False,False,True,False,0,8,6,0,0,0,0,1,0,4,2,7,2,1288.0
1176,MC_SC_17_s01R_473,25,6,4,False,False,False,True,False,0,10,17,0,122,0,0,4,2,61,16,4,3,3969.0
1177,MC_SC_17_s01R_474,25,6,5,False,False,False,True,False,0,55,22,1,5,0,12,0,2,3,4,3,4,2123.0
1180,MC_SC_17_s01R_475,25,4,3,False,False,True,False,False,3,14,23,6,25,1,0,1,0,4,1,1,2,1088.0
1181,MC_SC_17_s01R_476,25,4,2,False,False,False,True,False,2,23,17,0,3,0,4,3,3,20,3,2,8,990.0
1183,MC_SC_17_s01R_477,25,5,3,False,False,True,False,False,57,19,24,0,34,1,16,1,1,2,6,6,2,1995.0
1188,MC_SC_17_s01R_478,25,3,2,False,False,False,True,False,1,28,39,13,13,0,0,4,0,38,0,21,5,1410.0
1189,MC_SC_17_s01R_479,25,6,4,False,False,True,False,False,0,19,56,27,85,10,5,8,1,1,4,8,11,2282.0
1194,MC_SC_17_s01R_480,26,4,3,False,False,True,False,False,62,19,16,2,55,2,2,0,1,0,4,2,6,1510.0
1195,MC_SC_17_s01R_481,26,9,5,False,False,False,True,False,0,21,11,0,67,1,9,1,4,12,8,4,2,2177.0
1196,MC_SC_17_s01R_482,26,4,3,False,False,True,False,False,115,27,7,0,55,0,3,2,4,1,4,0,7,1824.0
1200,MC_SC_17_s01R_483,26,5,2,False,False,False,True,False,1,33,27,1,68,1,0,1,2,3,3,1,1,3465.0
1201,MC_SC_17_s01R_484,26,4,2,False,False,False,True,False,2,3,7,0,3,0,3,0,1,4,2,1,0,1668.0
1202,MC_SC_17_s01R_485,26,3,2,False,False,False,True,False,0,5,4,0,3,0,0,0,1,0,1,0,0,1069.0
1204,MC_SC_17_s01R_486,26,3,2,False,False,False,True,False,0,29,7,0,10,1,4,0,3,7,2,2,1,1107.0
1206,MC_SC_17_s01R_487,26,4,3,False,False,True,False,False,19,4,10,0,30,1,0,0,1,0,3,0,0,1511.0
1207,MC_SC_17_s01R_488,26,5,3,False,False,True,False,False,60,8,20,5,35,0,5,0,1,5,3,2,8,1630.0
1210,MC_SC_17_s01R_489,26,7,4,False,False,False,True,False,0,12,33,0,30,0,1,2,3,96,11,2,4,4874.0
1211,MC_SC_17_s01R_490,26,4,3,False,False,False,True,False,0,3,17,0,2,0,1,0,2,2,1,5,0,1655.0
1214,MC_SC_17_s01R_491,26,3,2,False,False,False,True,False,1,14,5,0,1,1,0,0,1,0,2,0,5,998.0
1215,MC_SC_17_s01R_492,26,4,3,False,False,True,False,False,0,42,18,4,51,0,0,0,4,0,6,0,0,3313.0
1216,MC_SC_17_s01R_493,26,3,2,False,False,True,False,False,0,25,4,0,27,0,0,0,1,0,2,0,2,2212.0
1218,MC_SC_17_s01R_494,26,6,4,False,False,True,False,False,45,14,7,0,34,0,3,0,1,0,0,0,1,1185.0
1219,MC_SC_17_s01R_495,26,4,2,False,False,True,False,False,0,11,7,12,4,4,3,2,2,0,0,2,8,1077.0
1224,MC_SC_17_s01R_496,26,4,2,False,False,True,False,False,79,6,15,5,28,0,15,1,1,2,5,2,4,1565.0
1225,MC_SC_17_s01R_497,26,3,2,False,False,False,True,False,0,8,4,0,14,0,1,2,0,0,0,1,0,852.0
1226,MC_SC_17_s01R_498,26,5,3,False,False,False,True,False,0,14,8,0,2,0,19,4,7,5,5,3,7,2069.0
1231,MC_SC_17_s01R_499,26,4,2,False,False,True,False,False,5,4,14,0,9,1,0,2,4,11,0,2,5,1637.0
1235,MC_SC_17_s01R_500,26,4,3,False,False,False,True,False,1,2,4,0,4,0,1,1,0,0,0,0,1,741.0
1238,MC_SC_17_s01R_501,26,5,3,False,False,False,True,False,0,10,9,0,42,4,7,0,3,14,3,6,0,1617.0
1239,MC_SC_17_s01R_502,26,4,3,False,False,False,True,False,0,17,7,0,0,0,8,0,5,1,2,1,2,1674.0
1241,MC_SC_17_s01R_503,26,4,2,False,False,True,False,False,0,22,26,16,106,1,0,0,1,5,8,5,0,2350.0
1242,MC_SC_17_s01R_504,26,6,4,False,False,True,False,False,106,23,26,17,66,1,1,3,1,2,5,5,6,2173.0
1243,MC_SC_17_s01R_505,26,3,2,False,False,False,True,False,0,5,10,0,1,0,8,1,0,0,0,0,4,856.0
1248,MC_SC_17_s01R_506,27,2,1,False,False,False,True,False,0,1,14,1,2,0,0,0,0,1,2,0,1,1946.0
1250,MC_SC_17_s01R_507,27,3,2,False,False,False,True,False,0,13,7,0,41,0,7,1,3,11,4,2,3,2213.0
1254,MC_SC_17_s01R_508,27,4,3,False,False,False,True,False,0,3,13,0,9,1,0,3,0,0,4,1,2,1741.0
1255,MC_SC_17_s01R_509,27,4,2,False,False,True,False,False,15,3,0,0,26,0,0,0,1,0,2,0,0,988.0
1257,MC_SC_17_s01R_510,27,3,2,False,False,True,False,False,0,22,2,2,11,0,2,0,2,3,0,0,0,1895.0
1260,MC_SC_17_s01R_511,27,4,2,False,False,False,True,False,0,0,7,0,10,1,0,2,1,0,2,0,3,1559.0
1261,MC_SC_17_s01R_512,27,5,3,False,False,False,True,False,1,10,17,1,24,0,2,5,3,74,6,2,4,3974.0
1263,MC_SC_17_s01R_513,27,7,4,False,False,False,True,False,9,52,32,0,27,1,22,0,3,131,6,3,13,4550.0
1265,MC_SC_17_s01R_514,27,5,3,False,False,True,False,False,0,26,7,6,9,0,4,0,2,2,3,0,1,2267.0
1266,MC_SC_17_s01R_515,27,6,3,False,False,False,True,False,0,25,17,0,25,3,1,1,0,3,3,3,6,2476.0
1267,MC_SC_17_s01R_516,27,9,4,False,False,False,True,False,5,32,25,0,125,2,5,0,0,41,1,3,0,3835.0
1273,MC_SC_17_s01R_517,27,4,3,False,False,False,True,False,0,15,7,0,3,5,2,5,2,9,6,3,2,1156.0
1275,MC_SC_17_s01R_518,27,5,3,False,False,False,True,False,1,8,1,1,13,7,1,3,4,7,10,6,0,917.0
1277,MC_SC_17_s01R_519,27,4,2,False,False,False,True,False,1,13,16,0,3,0,6,1,5,8,0,1,7,607.0
1281,MC_SC_17_s01R_520,27,4,2,False,False,True,False,False,69,3,27,0,24,0,14,4,4,0,10,3,6,1638.0
1283,MC_SC_17_s01R_521,27,4,3,False,False,False,True,False,1,8,6,0,2,3,5,0,11,10,2,14,0,1486.0
1291,MC_SC_17_s01R_522,27,5,3,False,False,False,True,False,1,49,53,0,12,3,12,3,4,81,4,3,7,3153.0
1292,MC_SC_17_s01R_523,27,5,4,False,False,False,True,False,0,4,30,0,3,0,2,0,3,39,4,3,8,1050.0
1294,MC_SC_17_s01R_524,27,3,2,False,False,False,True,False,0,7,14,0,4,0,1,0,1,0,0,3,6,667.0
1296,MC_SC_17_s01R_525,27,8,4,False,False,True,False,False,0,16,26,3,53,19,1,1,1,10,2,2,14,1384.0
1300,MC_SC_17_s01R_526,28,4,3,False,False,True,False,False,81,6,2,5,21,0,2,0,0,0,2,2,0,1903.0
1301,MC_SC_17_s01R_527,28,7,4,False,False,False,True,False,3,55,15,0,64,1,0,1,2,19,5,3,1,4418.0
1304,MC_SC_17_s01R_528,28,3,2,False,False,True,False,False,107,36,4,7,34,1,17,1,0,6,4,3,9,1649.0
1306,MC_SC_17_s01R_529,28,6,4,False,False,False,True,False,2,8,42,1,15,0,1,4,2,102,12,2,8,3744.0
1308,MC_SC_17_s01R_530,28,5,3,False,False,False,True,False,0,34,28,8,74,0,1,0,2,72,7,6,5,2734.0
1309,MC_SC_17_s01R_531,28,2,1,False,False,False,True,False,0,10,3,0,7,0,10,0,0,2,2,0,5,1056.0
1310,MC_SC_17_s01R_532,28,7,3,True,False,True,False,False,62,28,28,5,84,2,1,4,2,55,15,4,3,5038.0
1312,MC_SC_17_s01R_533,28,4,3,False,False,False,True,False,0,14,14,0,14,0,3,1,2,9,0,0,1,2118.0
1313,MC_SC_17_s01R_534,28,5,3,False,False,False,True,False,0,15,24,0,13,0,2,1,2,6,1,1,5,2776.0
1314,MC_SC_17_s01R_535,28,5,3,False,False,True,False,False,69,22,4,2,38,0,15,0,0,29,6,3,13,2207.0
1315,MC_SC_17_s01R_536,28,4,3,False,False,False,True,False,0,11,12,0,7,0,3,0,5,1,6,8,0,2334.0
1319,MC_SC_17_s01R_537,28,4,2,False,False,True,False,False,1,30,0,0,6,0,5,1,1,3,1,1,1,2090.0
1321,MC_SC_17_s01R_538,28,5,3,False,False,True,False,False,0,19,9,2,6,1,1,0,4,1,1,1,4,2026.0
1322,MC_SC_17_s01R_539,28,9,3,False,False,False,True,False,4,32,21,0,42,2,0,0,2,95,5,3,3,5875.0
1323,MC_SC_17_s01R_540,28,3,2,False,False,True,False,False,25,9,1,0,41,0,0,1,1,0,2,0,1,1613.0
1324,MC_SC_17_s01R_541,28,5,3,False,False,False,True,False,0,22,15,1,9,4,7,0,3,0,4,1,1,2016.0
1325,MC_SC_17_s01R_542,28,2,2,False,False,False,True,False,0,18,5,0,2,1,1,2,5,0,3,0,0,1876.0
1330,MC_SC_17_s01R_543,28,3,2,False,False,True,False,False,49,18,7,0,31,0,6,4,3,5,3,0,5,1182.0
1341,MC_SC_17_s01R_544,28,4,3,False,False,False,True,False,0,0,6,2,6,0,4,2,0,1,4,0,0,957.0
1346,MC_SC_17_s01R_545,28,3,2,False,False,False,True,False,0,11,5,0,1,0,0,2,4,0,0,0,0,825.0
1349,MC_SC_17_s01R_546,28,4,3,False,False,True,False,False,62,32,54,2,47,0,21,4,12,1,5,3,6,1494.0
1353,MC_SC_17_s01R_547,29,2,1,False,False,True,False,False,1,12,67,0,55,1,0,4,0,0,0,4,7,3346.0
1356,MC_SC_17_s01R_548,29,3,3,False,False,False,True,False,1,3,4,0,0,0,0,0,0,0,0,0,0,549.0
1357,MC_SC_17_s01R_549,29,4,2,False,False,False,True,False,2,15,11,1,60,0,3,2,1,9,7,3,5,3254.0
1358,MC_SC_17_s01R_550,29,3,2,False,False,True,False,False,77,28,4,0,19,0,6,1,0,2,5,1,7,1701.0
1362,MC_SC_17_s01R_551,29,4,2,False,False,False,True,False,0,13,2,0,8,0,3,0,0,0,0,5,0,1316.0
1363,MC_SC_17_s01R_552,29,3,2,False,False,False,True,False,2,2,14,0,0,0,2,0,0,0,0,1,1,1219.0
1364,MC_SC_17_s01R_553,29,4,3,False,False,False,True,False,2,26,32,0,13,3,4,0,7,1,1,1,4,2551.0
1366,MC_SC_17_s01R_554,29,2,1,False,False,False,True,False,9,11,22,0,5,0,0,0,0,0,0,1,2,1434.0
1367,MC_SC_17_s01R_555,29,5,3,False,False,False,True,False,4,13,16,0,0,0,4,0,0,1,0,0,2,2290.0
1368,MC_SC_17_s01R_556,29,4,3,False,False,True,False,False,59,30,3,1,91,2,1,0,1,6,4,1,4,1391.0
1369,MC_SC_17_s01R_557,29,5,3,False,False,True,False,False,0,24,11,0,38,0,3,2,3,15,6,0,0,1816.0
1370,MC_SC_17_s01R_558,29,5,3,False,False,False,True,False,1,53,29,0,91,2,7,3,5,84,20,6,1,3175.0
1371,MC_SC_17_s01R_559,29,4,3,True,False,False,True,False,6,19,17,0,7,0,6,2,6,4,4,3,0,2907.0
1375,MC_SC_17_s01R_560,29,5,3,False,False,False,True,False,4,33,9,0,3,0,9,2,5,25,4,3,0,1827.0
1376,MC_SC_17_s01R_561,29,5,3,False,False,True,False,False,0,20,36,0,3,0,0,2,1,37,3,2,10,2413.0
1377,MC_SC_17_s01R_562,29,7,3,False,False,False,True,False,0,4,10,10,144,3,0,2,0,10,4,8,0,3675.0
1379,MC_SC_17_s01R_563,29,4,2,False,False,False,True,False,4,5,7,0,2,1,3,1,1,0,3,0,0,2052.0
1381,MC_SC_17_s01R_564,29,4,3,False,False,False,True,False,1,8,17,3,0,0,0,0,0,3,2,0,2,1453.0
1382,MC_SC_17_s01R_565,29,4,3,False,False,False,True,False,1,22,8,0,0,1,1,0,2,5,1,0,5,1185.0
1383,MC_SC_17_s01R_566,29,5,4,False,False,True,False,False,0,29,8,4,37,0,3,0,0,11,3,4,1,1929.0
1388,MC_SC_17_s01R_567,29,5,3,False,False,True,False,False,0,61,39,0,22,0,6,6,3,1,5,3,1,2724.0
1408,MC_SC_17_s01R_568,29,2,2,False,False,True,False,False,0,13,12,6,7,0,3,2,0,4,3,1,0,883.0
1417,MC_SC_17_s01R_569,30,4,2,False,False,False,True,False,3,6,33,0,13,0,0,0,1,56,6,1,7,3437.0
1418,MC_SC_17_s01R_570,30,2,2,False,False,True,False,False,35,7,1,4,9,1,0,1,0,0,0,2,0,666.0
1419,MC_SC_17_s01R_571,30,6,4,False,False,True,False,False,78,13,19,3,46,2,6,1,4,9,7,2,14,1661.0
1420,MC_SC_17_s01R_572,30,3,2,False,False,True,False,False,80,25,5,9,26,1,9,3,1,6,4,0,10,1838.0
1421,MC_SC_17_s01R_573,30,5,4,False,False,False,True,False,0,3,9,0,8,0,0,3,1,6,8,0,9,1817.0
1422,MC_SC_17_s01R_574,30,8,5,False,False,False,True,False,3,10,34,1,38,3,5,2,5,161,14,2,5,5343.0
1423,MC_SC_17_s01R_575,30,4,3,False,False,True,False,False,1,14,10,4,21,0,0,0,4,0,3,0,1,2988.0
1424,MC_SC_17_s01R_576,30,3,2,False,False,True,False,False,54,6,0,7,11,0,4,6,1,4,0,3,0,1198.0
1425,MC_SC_17_s01R_577,30,4,3,False,False,True,False,False,49,28,17,8,52,0,12,3,4,22,5,3,15,1558.0
1426,MC_SC_17_s01R_578,30,4,3,False,False,False,True,False,1,5,2,0,0,1,0,0,3,0,4,0,0,1398.0
1428,MC_SC_17_s01R_579,30,3,2,False,False,False,True,False,0,4,22,0,8,3,1,0,0,3,5,1,6,1851.0
1429,MC_SC_17_s01R_580,30,8,3,False,False,True,False,False,61,20,21,9,57,6,22,7,5,42,2,1,8,2130.0
1430,MC_SC_17_s01R_581,30,5,3,False,False,True,False,False,1,20,14,1,4,1,2,0,1,4,5,0,10,2263.0
1463,MC_SC_17_s01R_582,31,3,2,False,False,True,False,False,0,8,11,9,25,0,0,1,1,0,3,0,0,1720.0
1465,MC_SC_17_s01R_583,31,6,2,False,False,True,False,False,67,25,12,0,46,0,0,2,0,15,1,0,7,1339.0
1467,MC_SC_17_s01R_584,31,3,2,False,False,True,False,False,42,13,6,0,2,0,2,3,0,0,0,1,1,1773.0
1468,MC_SC_17_s01R_585,31,2,1,False,False,True,False,False,51,14,15,0,6,0,3,0,1,4,2,0,4,947.0
1469,MC_SC_17_s01R_586,31,4,2,False,False,False,True,False,0,12,21,0,14,4,3,0,3,13,2,1,14,2681.0
1470,MC_SC_17_s01R_587,31,3,2,False,False,True,False,False,21,3,7,0,6,0,0,2,2,0,0,0,3,979.0
1471,MC_SC_17_s01R_588,31,5,3,False,False,True,False,False,2,27,12,0,40,2,12,1,3,28,6,0,6,2563.0
1472,MC_SC_17_s01R_589,31,4,2,False,False,True,False,False,43,15,14,0,23,2,0,7,0,13,2,2,8,1177.0
1473,MC_SC_17_s01R_590,31,5,3,False,False,True,False,False,1,18,1,0,0,0,7,2,1,12,8,4,2,2099.0
1475,MC_SC_17_s01R_591,31,7,3,False,False,True,False,False,96,8,6,2,49,4,6,1,3,55,9,4,8,2874.0
1477,MC_SC_17_s01R_592,31,5,3,False,False,False,True,False,5,65,14,0,45,1,5,5,2,107,17,9,0,4395.0
1500,MC_SC_17_s01R_593,31,4,2,False,False,False,True,False,0,27,30,0,5,0,13,3,2,8,4,6,11,1620.0
1503,MC_SC_17_s01R_594,31,2,2,False,False,False,True,False,0,14,3,0,3,1,0,0,0,0,0,0,0,1157.0
1510,MC_SC_17_s01R_595,32,4,2,False,False,False,True,False,0,2,8,0,2,0,0,0,0,0,2,0,5,2047.0
1517,MC_SC_17_s01R_596,32,5,3,False,False,False,True,False,3,33,23,5,156,0,5,0,2,13,2,0,0,3824.0
1520,MC_SC_17_s01R_597,32,4,3,False,False,True,False,False,46,2,13,2,10,0,0,0,0,2,6,0,0,1201.0
1521,MC_SC_17_s01R_598,32,3,2,False,False,True,False,False,2,14,5,0,2,0,1,0,0,0,0,1,0,1316.0
1522,MC_SC_17_s01R_599,32,5,2,False,False,False,True,False,10,48,15,4,104,1,11,1,3,92,3,3,3,3632.0
1523,MC_SC_17_s01R_600,32,5,2,False,False,True,False,False,48,10,8,1,9,0,0,0,0,34,5,0,0,2578.0
1524,MC_SC_17_s01R_601,32,4,2,False,False,False,True,False,1,29,1,0,3,2,8,1,5,22,4,0,2,1748.0
1525,MC_SC_17_s01R_602,32,4,3,False,False,False,True,False,3,16,0,0,1,0,5,1,2,16,2,2,0,1197.0
1526,MC_SC_17_s01R_603,32,5,4,False,False,False,True,False,0,11,15,0,1,0,7,1,3,11,1,1,0,1411.0
1527,MC_SC_17_s01R_604,32,3,2,False,False,True,False,False,0,12,6,5,27,0,1,2,2,22,6,0,5,1956.0
1528,MC_SC_17_s01R_605,32,6,4,False,False,False,True,False,1,25,13,0,33,1,5,1,3,148,18,4,0,3781.0
1529,MC_SC_17_s01R_606,32,3,3,False,False,False,True,False,0,0,7,7,0,0,1,0,0,0,0,0,0,1783.0
1530,MC_SC_17_s01R_607,32,3,1,False,False,True,False,False,1,15,36,3,5,1,6,0,0,4,1,0,0,1339.0
1532,MC_SC_17_s01R_608,32,5,3,False,False,False,True,False,0,7,11,0,14,0,0,1,1,39,7,1,1,3198.0
1533,MC_SC_17_s01R_609,32,5,3,False,False,False,True,False,3,9,2,0,14,0,9,1,0,4,2,7,0,1380.0
1536,MC_SC_17_s01R_610,32,5,4,False,False,True,False,False,4,21,3,0,2,0,4,1,0,52,1,0,11,2108.0
1569,MC_SC_17_s01R_611,32,6,4,False,False,False,True,False,0,29,99,0,264,7,2,8,12,229,14,8,0,5352.0
1573,MC_SC_17_s01R_612,33,3,2,False,False,True,False,False,59,0,17,12,1,0,0,0,0,1,3,8,0,1442.0
1578,MC_SC_17_s01R_613,33,5,3,False,False,False,True,False,0,1,10,0,8,0,1,0,1,8,1,4,5,1484.0
1580,MC_SC_17_s01R_614,33,5,4,False,False,True,False,False,119,23,37,0,82,1,2,3,2,83,5,4,1,4535.0
1581,MC_SC_17_s01R_615,33,7,6,False,False,False,True,False,0,1,25,0,1,0,1,1,0,17,4,6,0,2518.0
1584,MC_SC_17_s01R_616,33,3,1,False,False,True,False,False,81,6,25,0,0,0,0,2,0,0,1,0,0,2612.0
1585,MC_SC_17_s01R_617,33,3,2,False,False,True,False,False,48,9,7,1,20,2,4,1,0,2,4,0,6,1592.0
1587,MC_SC_17_s01R_618,33,4,3,False,False,True,False,False,127,34,48,0,98,5,0,4,5,96,8,3,4,4674.0
1588,MC_SC_17_s01R_619,33,3,2,False,False,False,True,False,0,3,17,4,0,0,7,1,1,0,0,1,0,1196.0
1589,MC_SC_17_s01R_620,33,3,2,False,False,False,True,False,0,18,9,0,6,3,8,0,5,24,4,8,0,1974.0
1590,MC_SC_17_s01R_621,33,4,2,False,True,False,True,False,1,13,9,0,2,0,0,0,1,1,5,0,0,1521.0
1592,MC_SC_17_s01R_622,33,4,3,False,False,False,True,False,0,5,16,0,4,0,3,2,2,32,4,10,0,2668.0
1593,MC_SC_17_s01R_623,33,4,2,False,False,True,False,False,0,0,3,4,12,0,4,0,0,2,2,0,0,1356.0
1594,MC_SC_17_s01R_624,33,7,3,False,False,True,False,False,2,33,10,0,18,0,5,2,3,98,3,1,1,2967.0
1596,MC_SC_17_s01R_625,33,5,3,False,False,False,True,False,2,10,18,0,55,3,9,1,2,42,8,2,0,3590.0
1598,MC_SC_17_s01R_626,33,6,2,False,False,False,True,False,0,11,0,0,0,1,0,1,1,11,4,3,1,1943.0
1650,MC_SC_17_s01R_627,34,4,3,False,False,True,False,False,1,3,15,0,3,0,0,1,0,3,3,1,8,2031.0
1657,MC_SC_17_s01R_628,34,6,3,False,False,True,False,False,65,14,6,0,12,4,22,5,6,40,4,3,5,2208.0
1659,MC_SC_17_s01R_629,34,4,3,False,False,False,True,False,0,2,25,0,1,1,15,0,2,1,3,1,2,1385.0
1661,MC_SC_17_s01R_630,34,2,1,False,False,False,True,False,0,8,13,0,2,0,1,0,1,6,4,0,0,1863.0
1717,MC_SC_17_s01R_631,35,5,4,False,False,False,True,False,0,3,22,0,2,0,0,0,1,20,4,12,0,3218.0
1719,MC_SC_17_s01R_632,35,4,3,False,False,False,True,False,0,2,13,0,0,1,7,1,4,6,0,4,4,1421.0
1720,MC_SC_17_s01R_633,35,4,2,False,False,False,True,False,0,8,16,0,11,3,0,0,0,18,6,1,10,2335.0
1721,MC_SC_17_s01R_634,35,1,1,False,False,False,True,False,0,9,0,0,0,2,2,0,3,5,0,0,1,993.0
1722,MC_SC_17_s01R_635,35,5,4,False,False,False,True,False,0,0,6,0,6,1,0,3,1,118,3,4,2,3989.0
1723,MC_SC_17_s01R_636,35,5,4,False,False,True,False,False,51,0,14,0,1,0,3,0,2,17,5,4,3,1684.0
1724,MC_SC_17_s01R_637,35,3,2,False,False,True,False,False,24,0,2,0,8,0,1,1,2,2,2,1,0,1498.0
1767,MC_SC_17_s01R_638,36,2,2,False,False,False,True,False,2,0,3,1,1,0,1,0,0,1,0,0,0,806.0
1769,MC_SC_17_s01R_639,36,4,3,False,False,False,True,False,0,0,45,0,10,2,4,3,1,76,2,0,0,3590.0
1772,MC_SC_17_s01R_640,36,4,3,False,False,False,True,False,0,0,4,0,0,0,3,0,0,6,5,6,2,2118.0
1774,MC_SC_17_s01R_641,36,4,2,False,False,False,True,False,0,0,16,0,10,0,1,1,1,14,2,3,0,3440.0
1777,MC_SC_17_s01R_642,36,4,2,False,False,False,True,False,0,2,17,0,17,4,0,0,2,2,3,0,3,2168.0
1779,MC_SC_17_s01R_643,36,4,3,False,False,False,True,False,2,3,11,0,5,0,0,0,0,11,0,2,0,2057.0
1781,MC_SC_17_s01R_644,36,2,2,False,False,False,True,False,1,2,10,0,2,1,6,0,1,3,0,0,5,2064.0
1783,MC_SC_17_s01R_645,36,4,2,False,False,True,False,False,0,6,1,4,5,0,0,1,1,9,0,0,0,940.0
1784,MC_SC_17_s01R_646,36,4,3,False,False,False,True,False,2,0,3,1,2,2,12,6,4,47,4,10,5,2493.0
1785,MC_SC_17_s01R_647,36,4,2,False,False,True,False,False,0,2,3,4,12,3,7,5,0,9,3,5,1,1322.0
1788,MC_SC_17_s01R_648,36,4,3,False,False,True,False,False,43,0,0,0,2,0,5,1,0,2,7,8,9,1591.0
1791,MC_SC_17_s01R_649,36,2,2,False,False,True,False,False,28,0,12,1,3,1,6,1,0,5,1,2,4,1226.0
1794,MC_SC_17_s01R_650,36,4,3,False,False,True,False,False,43,5,6,0,5,1,0,4,0,25,1,7,6,2029.0
1795,MC_SC_17_s01R_651,36,3,2,False,False,True,False,False,27,0,10,0,13,2,17,0,2,10,3,6,2,1126.0
1796,MC_SC_17_s01R_652,36,2,1,False,False,True,False,False,0,3,4,4,1,0,1,0,0,0,2,0,1,1864.0
1831,MC_SC_17_s01R_653,37,3,2,False,False,False,True,False,1,2,2,0,0,0,0,0,0,2,3,1,0,1762.0
1833,MC_SC_17_s01R_654,37,3,2,False,False,True,False,False,64,1,2,0,0,0,5,0,0,4,3,1,10,1322.0
1834,MC_SC_17_s01R_655,37,2,1,False,False,True,False,False,30,2,4,0,9,0,5,0,0,2,1,0,1,756.0
1876,MC_SC_17_s01R_656,38,2,2,False,False,True,False,False,43,0,20,0,0,0,5,3,1,5,1,1,0,1292.0
1884,MC_SC_17_s01R_657,38,2,2,False,False,False,True,False,8,2,14,0,1,0,1,3,1,24,0,0,0,2884.0
1885,MC_SC_17_s01R_658,38,2,2,False,False,True,False,False,71,3,29,0,1,2,6,1,1,5,1,1,1,1908.0
1889,MC_SC_17_s01R_659,38,2,2,False,False,False,True,False,0,4,33,0,3,5,16,0,4,3,4,0,9,2382.0
1944,MC_SC_17_s01R_660,39,1,1,False,False,False,True,False,3,0,13,0,0,0,3,0,1,0,0,1,0,2225.0
1952,MC_SC_17_s01R_661,39,1,1,False,False,False,True,False,0,3,14,0,1,1,10,4,3,13,0,0,6,1666.0
1972,MC_SC_17_s01R_662,34,1,1,False,True,True,False,False,16,8,0,0,4,0,0,0,0,4,0,1,4,966.0
1976,MC_SC_17_s01R_663,22,1,1,False,True,True,False,False,59,9,13,2,23,0,0,2,1,5,4,2,4,1910.0
1977,MC_SC_17_s01R_664,20,1,1,True,False,False,True,False,1,2,7,0,5,0,2,2,4,0,3,0,1,828.0
